{
    "opciones": [
      {"valor": "Cerrillos", "texto": "Cerrillos"},
      {"valor": "Cerro Navia", "texto": "Cerro Navia"},
      {"valor": "Conchalí", "texto": "Conchalí"},
      {"valor": "El Bosque", "texto": "El Bosque"},
      {"valor": "Estación Central", "texto": "Estación Central"},
      {"valor": "Huechuraba", "texto": "Huechuraba"},
      {"valor": "Independencia", "texto": "Independencia"},
      {"valor": "La Cisterna", "texto": "La Cisterna"},
      {"valor": "La Florida", "texto": "La Florida"},
      {"valor": "La Granja", "texto": "La Granja"},
      {"valor": "La Pintana", "texto": "La Pintana"},
      {"valor": "La Reina", "texto": "La Reina"},
      {"valor": "Las Condes", "texto": "Las Condes"},
      {"valor": "Lo Barnechea", "texto": "Lo Barnechea"},
      {"valor": "Lo Espejo", "texto": "Lo Espejo"},
      {"valor": "Lo Prado", "texto": "Lo Prado"},
      {"valor": "Macul", "texto": "Macul"},
      {"valor": "Maipú", "texto": "Maipú"},
      {"valor": "Ñuñoa", "texto": "Ñuñoa"},
      {"valor": "Pedro Aguirre Cerda", "texto": "Pedro Aguirre Cerda"},
      {"valor": "Peñalolén", "texto": "Peñalolén"},
      {"valor": "Providencia", "texto": "Providencia"},
      {"valor": "Pudahuel", "texto": "Pudahuel"},
      {"valor": "Quilicura", "texto": "Quilicura"},
      {"valor": "Quinta Normal", "texto": "Quinta Normal"},
      {"valor": "Recoleta", "texto": "Recoleta"},
      {"valor": "Renca", "texto": "Renca"},
      {"valor": "Santiago", "texto": "Santiago"},
      {"valor": "San Joaquín", "texto": "San Joaquín"},
      {"valor": "San Miguel", "texto": "San Miguel"},
      {"valor": "San Ramón", "texto": "San Ramón"},
      {"valor": "Vitacura", "texto": "Vitacura"},
      {"valor": "Puente Alto", "texto": "Puente Alto"},
      {"valor": "Pirque", "texto": "Pirque"},
      {"valor": "San José de Maipo", "texto": "San José de Maipo"},
      {"valor": "Colina", "texto": "Colina"},
      {"valor": "Lampa", "texto": "Lampa"},
      {"valor": "Tiltil", "texto": "Tiltil"},
      {"valor": "San Bernardo", "texto": "San Bernardo"},
      {"valor": "Buin", "texto": "Buin"},
      {"valor": "Calera de Tango", "texto": "Calera de Tango"},
      {"valor": "Paine", "texto": "Paine"},
      {"valor": "Melipilla", "texto": "Melipilla"},
      {"valor": "Alhué", "texto": "Alhué"},
      {"valor": "Curacaví", "texto": "Curacaví"},
      {"valor": "María Pinto", "texto": "María Pinto"},
      {"valor": "San Pedro", "texto": "San Pedro"},
      {"valor": "Talagante", "texto": "Talagante"},
      {"valor": "El Monte", "texto": "El Monte"},
      {"valor": "Isla de Maipo", "texto": "Isla de Maipo"},
      {"valor": "Padre Hurtado", "texto": "Padre Hurtado"},
      {"valor": "Peñaflor", "texto": "Peñaflor"}
    ]
  }
  
  